time,112.003,rpm,0,maf,1.44,MAP,-5.81,afr,9.03,vref,0.01,TP,0.20,CLT,33.91,MAT,NaN,ckp_c,126,fuel_base,1.53,fuel_iat,1.00,fuel_clt,1.00,fuel_lag,0.00,fuel,1.53,timing,36.53,duty0,0.00,dwell0,0.00,period0,1549.48,duty1,NaN,dwell1,0.00,period1,0.00,
time,113.000,rpm,0,maf,1.51,MAP,-5.81,afr,9.03,vref,0.01,TP,0.20,CLT,33.96,MAT,NaN,ckp_c,126,fuel_base,1.53,fuel_iat,1.00,fuel_clt,1.00,fuel_lag,0.00,fuel,1.53,timing,36.53,duty0,0.00,dwell0,0.00,period0,1549.48,duty1,NaN,dwell1,0.00,period1,0.00,
time,114.000,rpm,0,maf,1.43,MAP,-5.81,afr,9.03,vref,0.01,TP,0.20,CLT,34.77,MAT,NaN,ckp_c,126,fuel_base,1.53,fuel_iat,1.00,fuel_clt,1.00,fuel_lag,0.00,fuel,1.53,timing,36.53,duty0,0.00,dwell0,0.00,period0,1549.48,duty1,NaN,dwell1,0.00,period1,0.00,
time,115.003,rpm,0,maf,1.43,MAP,-5.81,afr,9.04,vref,0.02,TP,0.20,CLT,34.68,MAT,NaN,ckp_c,126,fuel_base,1.53,fuel_iat,1.00,fuel_clt,1.00,fuel_lag,0.00,fuel,1.53,timing,36.53,duty0,0.00,dwell0,0.00,period0,1549.48,duty1,NaN,dwell1,0.00,period1,0.00,
time,116.000,rpm,0,maf,1.43,MAP,-5.81,afr,9.04,vref,0.02,TP,0.20,CLT,34.09,MAT,NaN,ckp_c,126,fuel_base,1.53,fuel_iat,1.00,fuel_clt,1.00,fuel_lag,0.00,fuel,1.53,timing,36.53,duty0,0.00,dwell0,0.00,period0,1549.48,duty1,NaN,dwell1,0.00,period1,0.00,
time,117.001,rpm,0,maf,1.43,MAP,-5.81,afr,9.04,vref,0.02,TP,0.20,CLT,33.82,MAT,NaN,ckp_c,126,fuel_base,1.53,fuel_iat,1.00,fuel_clt,1.00,fuel_lag,0.00,fuel,1.53,timing,36.53,duty0,0.00,dwell0,0.00,period0,1549.48,duty1,NaN,dwell1,0.00,period1,0.00,
time,118.003,rpm,0,maf,1.43,MAP,-5.81,afr,9.03,vref,0.01,TP,0.30,CLT,34.09,MAT,NaN,ckp_c,126,fuel_base,1.53,fuel_iat,1.00,fuel_clt,1.00,fuel_lag,0.00,fuel,1.53,timing,36.53,duty0,0.00,dwell0,0.00,period0,1549.48,duty1,NaN,dwell1,0.00,period1,0.00,
time,119.000,rpm,0,maf,1.43,MAP,-5.81,afr,9.04,vref,0.02,TP,0.20,CLT,33.96,MAT,NaN,ckp_c,126,fuel_base,1.53,fuel_iat,1.00,fuel_clt,1.00,fuel_lag,0.00,fuel,1.53,timing,36.53,duty0,0.00,dwell0,0.00,period0,1549.48,duty1,NaN,dwell1,0.00,period1,0.00,
time,119.157,rpm,0,maf,1.42,MAP,-5.81,afr,9.03,vref,0.01,TP,0.20,CLT,34.00,MAT,NaN,ckp_c,127,fuel_base,1.53,fuel_iat,1.00,fuel_clt,1.00,fuel_lag,0.00,fuel,1.53,timing,36.53,duty0,0.00,dwell0,0.00,period0,1549.48,duty1,NaN,dwell1,0.00,period1,0.00,
time,119.222,rpm,0,maf,1.42,MAP,-5.81,afr,9.03,vref,0.01,TP,0.20,CLT,34.00,MAT,NaN,ckp_c,128,fuel_base,1.53,fuel_iat,1.00,fuel_clt,1.00,fuel_lag,0.00,fuel,1.53,timing,36.53,duty0,0.00,dwell0,0.00,period0,1549.48,duty1,NaN,dwell1,0.00,period1,0.00,
msg,fuelPump ON at PC13,
time,119.265,rpm,312,maf,1.89,MAP,-5.80,afr,9.04,vref,0.02,TP,0.30,CLT,34.50,MAT,NaN,ckp_c,129,fuel_base,1.53,fuel_iat,1.00,fuel_clt,1.00,fuel_lag,0.00,fuel,1.53,timing,76.00,duty0,0.00,dwell0,0.00,period0,1549.48,duty1,NaN,dwell1,0.00,period1,0.00,
msg,crankingFuel=1363,msg,crankingFuel=1363,msg,crankingFuel=1363,msg,crankingFuel=1363,
time,119.293,rpm,312,maf,1.89,MAP,-5.80,afr,9.04,vref,0.02,TP,0.30,CLT,34.50,MAT,NaN,ckp_c,130,fuel_base,1.53,fuel_iat,1.00,fuel_clt,1.00,fuel_lag,0.00,fuel,1.53,timing,76.00,duty0,0.00,dwell0,0.00,period0,1549.48,duty1,NaN,dwell1,0.00,period1,0.00,
time,119.337,rpm,312,maf,2.22,MAP,-5.80,afr,9.04,vref,0.02,TP,0.20,CLT,33.78,MAT,NaN,ckp_c,131,fuel_base,2.32,fuel_iat,1.00,fuel_clt,1.00,fuel_lag,0.00,fuel,2.32,timing,76.00,duty0,0.00,dwell0,0.00,period0,1549.48,duty1,NaN,dwell1,0.00,period1,0.00,
msg,crankingFuel=1376,msg,crankingFuel=1376,msg,crankingFuel=1376,msg,crankingFuel=1376,
time,119.397,rpm,312,maf,2.22,MAP,-5.80,afr,9.04,vref,0.02,TP,0.20,CLT,33.78,MAT,NaN,ckp_c,132,fuel_base,2.32,fuel_iat,1.00,fuel_clt,1.00,fuel_lag,0.00,fuel,2.32,timing,76.00,duty0,0.00,dwell0,0.00,period0,1549.48,duty1,NaN,dwell1,0.00,period1,0.00,
time,119.435,rpm,312,maf,2.22,MAP,-5.80,afr,9.03,vref,0.01,TP,0.10,CLT,34.54,MAT,NaN,ckp_c,133,fuel_base,2.32,fuel_iat,1.00,fuel_clt,1.00,fuel_lag,0.00,fuel,2.32,timing,76.00,duty0,0.00,dwell0,0.00,period0,1549.48,duty1,NaN,dwell1,0.00,period1,0.00,
time,119.463,rpm,312,maf,2.22,MAP,-5.80,afr,9.03,vref,0.01,TP,0.10,CLT,34.54,MAT,NaN,ckp_c,134,fuel_base,2.32,fuel_iat,1.00,fuel_clt,1.00,fuel_lag,0.00,fuel,2.32,timing,76.00,duty0,0.00,dwell0,0.00,period0,1549.48,duty1,NaN,dwell1,0.00,period1,0.00,
msg,crankingFuel=1362,msg,crankingFuel=1362,msg,crankingFuel=1362,msg,crankingFuel=1362,
time,119.486,rpm,312,maf,2.22,MAP,-5.80,afr,9.03,vref,0.01,TP,0.10,CLT,34.54,MAT,NaN,ckp_c,135,fuel_base,2.32,fuel_iat,1.00,fuel_clt,1.00,fuel_lag,0.00,fuel,2.32,timing,76.00,duty0,0.00,dwell0,0.00,period0,1549.48,duty1,NaN,dwell1,0.00,period1,0.00,
time,119.521,rpm,312,maf,2.22,MAP,-5.80,afr,9.04,vref,0.02,TP,0.20,CLT,34.59,MAT,NaN,ckp_c,136,fuel_base,2.32,fuel_iat,1.00,fuel_clt,1.00,fuel_lag,0.00,fuel,2.32,timing,76.00,duty0,0.00,dwell0,0.00,period0,1549.48,duty1,NaN,dwell1,0.00,period1,0.00,
msg,crankingFuel=1361,msg,crankingFuel=1361,msg,crankingFuel=1361,msg,crankingFuel=1361,
time,119.574,rpm,312,maf,2.22,MAP,-5.80,afr,9.04,vref,0.02,TP,0.20,CLT,34.59,MAT,NaN,ckp_c,137,fuel_base,2.32,fuel_iat,1.00,fuel_clt,1.00,fuel_lag,0.00,fuel,2.32,timing,76.00,duty0,0.00,dwell0,0.00,period0,1549.48,duty1,NaN,dwell1,0.00,period1,0.00,
time,119.609,rpm,312,maf,2.24,MAP,-5.80,afr,9.05,vref,0.02,TP,0.00,CLT,34.77,MAT,NaN,ckp_c,138,fuel_base,2.32,fuel_iat,1.00,fuel_clt,1.00,fuel_lag,0.00,fuel,2.32,timing,76.00,duty0,0.00,dwell0,0.00,period0,1549.48,duty1,NaN,dwell1,0.00,period1,0.00,
msg,analog_chart|0.00000|0.00000|56.81520|2001.00000|139.46400|3002.00000|253.31906|2003.00000|323.08850|3004.00000|377.65731|1005.00000|420.46997|2006.00000|485.31604|3007.00000|578.16723|2008.00000|641.19750|3009.00000|,
time,119.632,rpm,325,maf,2.24,MAP,-5.85,afr,9.05,vref,0.02,TP,0.00,CLT,34.77,MAT,NaN,ckp_c,139,fuel_base,2.32,fuel_iat,1.00,fuel_clt,1.00,fuel_lag,0.00,fuel,2.32,timing,76.00,duty0,0.00,dwell0,0.00,period0,1549.48,duty1,NaN,dwell1,0.00,period1,0.00,
msg,crankingFuel=1357,msg,crankingFuel=1357,msg,crankingFuel=1357,msg,crankingFuel=1357,
time,119.651,rpm,325,maf,2.24,MAP,-5.85,afr,9.05,vref,0.02,TP,0.00,CLT,34.77,MAT,NaN,ckp_c,140,fuel_base,2.32,fuel_iat,1.00,fuel_clt,1.00,fuel_lag,0.00,fuel,2.32,timing,76.00,duty0,0.00,dwell0,0.00,period0,1549.48,duty1,NaN,dwell1,0.00,period1,0.00,
time,119.667,rpm,325,maf,2.34,MAP,-5.85,afr,9.03,vref,0.01,TP,0.20,CLT,33.91,MAT,NaN,ckp_c,141,fuel_base,7.69,fuel_iat,1.00,fuel_clt,1.00,fuel_lag,0.00,fuel,7.69,timing,76.00,duty0,0.00,dwell0,0.00,period0,1549.48,duty1,NaN,dwell1,0.00,period1,0.00,
msg,crankingFuel=1373,msg,crankingFuel=1373,msg,crankingFuel=1373,msg,crankingFuel=1373,
time,119.702,rpm,325,maf,2.34,MAP,-5.85,afr,9.03,vref,0.01,TP,0.20,CLT,33.91,MAT,NaN,ckp_c,142,fuel_base,7.69,fuel_iat,1.00,fuel_clt,1.00,fuel_lag,0.00,fuel,7.69,timing,76.00,duty0,0.00,dwell0,0.00,period0,1549.48,duty1,NaN,dwell1,0.00,period1,0.00,
time,119.724,rpm,325,maf,2.34,MAP,-5.85,afr,9.03,vref,0.01,TP,0.20,CLT,33.91,MAT,NaN,ckp_c,143,fuel_base,7.69,fuel_iat,1.00,fuel_clt,1.00,fuel_lag,0.00,fuel,7.69,timing,76.00,duty0,0.00,dwell0,0.00,period0,1549.48,duty1,NaN,dwell1,0.00,period1,0.00,
time,119.742,rpm,325,maf,2.34,MAP,-5.85,afr,9.03,vref,0.01,TP,0.20,CLT,33.91,MAT,NaN,ckp_c,144,fuel_base,7.69,fuel_iat,1.00,fuel_clt,1.00,fuel_lag,0.00,fuel,7.69,timing,76.00,duty0,0.00,dwell0,0.00,period0,1549.48,duty1,NaN,dwell1,0.00,period1,0.00,
msg,crankingFuel=1366,msg,crankingFuel=1366,msg,crankingFuel=1366,msg,crankingFuel=1366,
time,119.762,rpm,325,maf,2.23,MAP,-5.85,afr,9.04,vref,0.02,TP,0.20,CLT,34.32,MAT,NaN,ckp_c,145,fuel_base,2.32,fuel_iat,1.00,fuel_clt,1.00,fuel_lag,0.00,fuel,2.32,timing,76.00,duty0,0.00,dwell0,0.00,period0,1549.48,duty1,NaN,dwell1,0.00,period1,0.00,
time,119.790,rpm,325,maf,2.23,MAP,-5.85,afr,9.04,vref,0.02,TP,0.20,CLT,34.32,MAT,NaN,ckp_c,146,fuel_base,2.32,fuel_iat,1.00,fuel_clt,1.00,fuel_lag,0.00,fuel,2.32,timing,76.00,duty0,0.00,dwell0,0.00,period0,1549.48,duty1,NaN,dwell1,0.00,period1,0.00,
msg,crankingFuel=1366,msg,crankingFuel=1366,msg,crankingFuel=1366,msg,crankingFuel=1366,
time,119.838,rpm,325,maf,2.30,MAP,-5.85,afr,9.04,vref,0.02,TP,0.10,CLT,34.45,MAT,NaN,ckp_c,147,fuel_base,7.69,fuel_iat,1.00,fuel_clt,1.00,fuel_lag,0.00,fuel,7.69,timing,76.00,duty0,0.00,dwell0,0.00,period0,1549.48,duty1,NaN,dwell1,0.00,period1,0.00,
time,119.876,rpm,325,maf,2.30,MAP,-5.85,afr,9.04,vref,0.02,TP,0.10,CLT,34.45,MAT,NaN,ckp_c,148,fuel_base,7.69,fuel_iat,1.00,fuel_clt,1.00,fuel_lag,0.00,fuel,7.69,timing,76.00,duty0,0.00,dwell0,0.00,period0,1549.48,duty1,NaN,dwell1,0.00,period1,0.00,
time,119.904,rpm,441,maf,2.30,MAP,-5.83,afr,9.04,vref,0.02,TP,0.10,CLT,34.45,MAT,NaN,ckp_c,149,fuel_base,7.69,fuel_iat,1.00,fuel_clt,1.00,fuel_lag,0.00,fuel,7.69,timing,76.00,duty0,0.00,dwell0,0.00,period0,1549.48,duty1,NaN,dwell1,0.00,period1,0.00,
msg,crankingFuel=1363,msg,crankingFuel=1363,msg,crankingFuel=1363,msg,crankingFuel=1363,
time,119.917,rpm,441,maf,2.30,MAP,-5.83,afr,9.04,vref,0.02,TP,0.10,CLT,34.45,MAT,NaN,ckp_c,150,fuel_base,7.69,fuel_iat,1.00,fuel_clt,1.00,fuel_lag,0.00,fuel,7.69,timing,76.00,duty0,0.00,dwell0,0.00,period0,1549.48,duty1,NaN,dwell1,0.00,period1,0.00,
time,119.935,rpm,441,maf,2.41,MAP,-5.83,afr,9.03,vref,0.01,TP,0.00,CLT,34.73,MAT,NaN,ckp_c,151,fuel_base,7.69,fuel_iat,1.00,fuel_clt,1.00,fuel_lag,0.00,fuel,7.69,timing,76.00,duty0,0.00,dwell0,0.00,period0,1549.48,duty1,NaN,dwell1,0.00,period1,0.00,
msg,crankingFuel=1358,msg,crankingFuel=1358,msg,crankingFuel=1358,msg,crankingFuel=1358,
time,119.964,rpm,441,maf,2.41,MAP,-5.83,afr,9.03,vref,0.01,TP,0.00,CLT,34.73,MAT,NaN,ckp_c,152,fuel_base,7.69,fuel_iat,1.00,fuel_clt,1.00,fuel_lag,0.00,fuel,7.69,timing,76.00,duty0,0.00,dwell0,0.00,period0,1549.48,duty1,NaN,dwell1,0.00,period1,0.00,
time,119.983,rpm,441,maf,2.41,MAP,-5.83,afr,9.03,vref,0.01,TP,0.00,CLT,34.73,MAT,NaN,ckp_c,153,fuel_base,7.69,fuel_iat,1.00,fuel_clt,1.00,fuel_lag,0.00,fuel,7.69,timing,76.00,duty0,0.00,dwell0,0.00,period0,1549.48,duty1,NaN,dwell1,0.00,period1,0.00,
time,120.000,rpm,441,maf,2.41,MAP,-5.83,afr,9.03,vref,0.01,TP,0.00,CLT,34.73,MAT,NaN,ckp_c,154,fuel_base,7.69,fuel_iat,1.00,fuel_clt,1.00,fuel_lag,0.00,fuel,7.69,timing,76.00,duty0,0.00,dwell0,0.00,period0,1549.48,duty1,NaN,dwell1,0.00,period1,0.00,
msg,crankingFuel=1372,msg,crankingFuel=1372,msg,crankingFuel=1372,msg,crankingFuel=1372,
time,120.013,rpm,441,maf,2.47,MAP,-5.83,afr,9.04,vref,0.02,TP,0.20,CLT,34.00,MAT,NaN,ckp_c,155,fuel_base,7.69,fuel_iat,1.00,fuel_clt,1.00,fuel_lag,0.00,fuel,7.69,timing,76.00,duty0,0.00,dwell0,0.00,period0,1549.48,duty1,NaN,dwell1,0.00,period1,0.00,
time,120.041,rpm,441,maf,2.47,MAP,-5.83,afr,9.04,vref,0.02,TP,0.20,CLT,34.00,MAT,NaN,ckp_c,156,fuel_base,7.69,fuel_iat,1.00,fuel_clt,1.00,fuel_lag,0.00,fuel,7.69,timing,76.00,duty0,0.00,dwell0,0.00,period0,1549.48,duty1,NaN,dwell1,0.00,period1,0.00,
msg,crankingFuel=1372,msg,crankingFuel=1372,msg,crankingFuel=1372,msg,crankingFuel=1372,
time,120.080,rpm,441,maf,2.47,MAP,-5.83,afr,9.04,vref,0.02,TP,0.20,CLT,34.00,MAT,NaN,ckp_c,157,fuel_base,7.69,fuel_iat,1.00,fuel_clt,1.00,fuel_lag,0.00,fuel,7.69,timing,76.00,duty0,0.00,dwell0,0.00,period0,1549.48,duty1,NaN,dwell1,0.00,period1,0.00,
time,120.109,rpm,441,maf,2.30,MAP,-5.83,afr,9.04,vref,0.02,TP,0.20,CLT,33.55,MAT,NaN,ckp_c,158,fuel_base,7.69,fuel_iat,1.00,fuel_clt,1.00,fuel_lag,0.00,fuel,7.69,timing,76.00,duty0,0.00,dwell0,0.00,period0,1549.48,duty1,NaN,dwell1,0.00,period1,0.00,
wave_chart,crank2!up!2112335!crank2!down!2121235!crank!up!11926172!crank2!up!11929207!Injector 1!up!11929207!Injector 2!up!11929207!Injector 3!up!11929207!Injector 4!up!11929207!Spark 1!up!11929207!Injector 4!down!11930570!Injector 3!down!11930570!Injector 2!down!11930570!Injector 1!down!11930570!Spark 1!down!11933266!crank2!down!11933622!crank2!up!11939704!Injector 1!up!11939704!Injector 2!up!11939704!Injector 3!up!11939704!Injector 4!up!11939704!Spark 1!up!11939704!Injector 4!down!11941080!Injector 3!down!11941080!Injector 2!down!11941080!Injector 1!down!11941080!crank2!down!11943431!Spark 1!down!11943763!crank!down!11946346!crank2!up!11948633!Injector 1!up!11948633!Injector 2!up!11948633!Injector 3!up!11948633!Injector 4!up!11948633!Spark 1!up!11948633!Injector 4!down!11949995!Injector 3!down!11949995!Injector 2!down!11949995!Injector 1!down!11949995!crank2!down!11952097!Spark 1!down!11952692!crank2!up!11957057!Injector 1!up!11957057!Injector 2!up!11957057!Injector 3!up!11957057!Injector 4!up!11957057!Spark 1!up!11957057!Injector 4!down!11958418!Injector 3!down!11958418!Injector 2!down!11958418!Injector 1!down!11958418!crank2!down!11960424!Spark 1!down!11961116!crank!up!11963033!crank2!up!11964753!Injector 1!up!11964753!Injector 2!up!11964753!Injector 3!up!11964753!Injector 4!up!11964753!Spark 1!up!11964753!Injector 4!down!11966110!Injector 3!down!11966110!Injector 2!down!11966110!Injector 1!down!11966110!crank2!down!11966733!Spark 1!down!11968650!crank2!up!11969975!Injector 1!up!11969975!Injector 2!up!11969975!Injector 3!up!11969975!Injector 4!up!11969975!Spark 1!up!11969975!Injector 4!down!11971348!Injector 3!down!11971348!Injector 2!down!11971348!Injector 1!down!11971348!crank2!down!11972257!r!325!11972381!Spark 1!down!11973872!crank!down!11974301!crank2!up!11976059!Injector 1!up!11976059!Injector 2!up!11976059!Injector 3!up!11976059!Injector 4!up!11976059!Spark 1!up!11976059!Injector 4!down!11977425!Injector 3!down!11977425!Injector 2!down!11977425!Injector 1!down!11977425!crank2!down!11978863!Spark 1!down!11979956!crank2!up!11983591!Injector 1!up!11983591!Injector 2!up!11983591!Injector 3!up!11983591!Injector 4!up!11983591!Spark 1!up!11983591!Injector 4!down!11984957!Injector 3!down!11984957!Injector 2!down!11984957!,
time,120.136,rpm,521,maf,2.30,MAP,-5.91,afr,9.04,vref,0.02,TP,0.20,CLT,33.55,MAT,NaN,ckp_c,159,fuel_base,7.69,fuel_iat,1.00,fuel_clt,1.00,fuel_lag,0.00,fuel,7.69,timing,76.00,duty0,0.00,dwell0,0.00,period0,1549.48,duty1,NaN,dwell1,0.00,period1,0.00,
msg,crankingFuel=1380,msg,crankingFuel=1380,msg,crankingFuel=1380,msg,crankingFuel=1380,
time,120.149,rpm,521,maf,2.30,MAP,-5.91,afr,9.04,vref,0.02,TP,0.20,CLT,33.55,MAT,NaN,ckp_c,160,fuel_base,7.69,fuel_iat,1.00,fuel_clt,1.00,fuel_lag,0.00,fuel,7.69,timing,76.00,duty0,0.00,dwell0,0.00,period0,1549.48,duty1,NaN,dwell1,0.00,period1,0.00,
time,120.162,rpm,521,maf,2.30,MAP,-5.91,afr,9.04,vref,0.02,TP,0.20,CLT,33.55,MAT,NaN,ckp_c,161,fuel_base,7.69,fuel_iat,1.00,fuel_clt,1.00,fuel_lag,0.00,fuel,7.69,timing,76.00,duty0,0.00,dwell0,0.00,period0,1549.48,duty1,NaN,dwell1,0.00,period1,0.00,
msg,crankingFuel=1373,msg,crankingFuel=1373,msg,crankingFuel=1373,msg,crankingFuel=1373,
time,120.191,rpm,521,maf,2.42,MAP,-5.91,afr,9.04,vref,0.02,TP,0.20,CLT,33.96,MAT,NaN,ckp_c,162,fuel_base,7.69,fuel_iat,1.00,fuel_clt,1.00,fuel_lag,0.00,fuel,7.69,timing,76.00,duty0,0.00,dwell0,0.00,period0,1549.48,duty1,NaN,dwell1,0.00,period1,0.00,
time,120.213,rpm,521,maf,2.42,MAP,-5.91,afr,9.04,vref,0.02,TP,0.20,CLT,33.96,MAT,NaN,ckp_c,163,fuel_base,7.69,fuel_iat,1.00,fuel_clt,1.00,fuel_lag,0.00,fuel,7.69,timing,76.00,duty0,0.00,dwell0,0.00,period0,1549.48,duty1,NaN,dwell1,0.00,period1,0.00,
time,120.225,rpm,521,maf,2.42,MAP,-5.91,afr,9.04,vref,0.02,TP,0.20,CLT,33.96,MAT,NaN,ckp_c,164,fuel_base,7.69,fuel_iat,1.00,fuel_clt,1.00,fuel_lag,0.00,fuel,7.69,timing,76.00,duty0,0.00,dwell0,0.00,period0,1549.48,duty1,NaN,dwell1,0.00,period1,0.00,
msg,crankingFuel=1373,msg,crankingFuel=1373,msg,crankingFuel=1373,msg,crankingFuel=1373,
time,120.244,rpm,521,maf,2.42,MAP,-5.91,afr,9.04,vref,0.02,TP,0.20,CLT,33.96,MAT,NaN,ckp_c,165,fuel_base,7.69,fuel_iat,1.00,fuel_clt,1.00,fuel_lag,0.00,fuel,7.69,timing,76.00,duty0,0.00,dwell0,0.00,period0,1549.48,duty1,NaN,dwell1,0.00,period1,0.00,
time,120.266,rpm,521,maf,2.42,MAP,-5.91,afr,9.04,vref,0.02,TP,0.20,CLT,33.96,MAT,NaN,ckp_c,166,fuel_base,7.69,fuel_iat,1.00,fuel_clt,1.00,fuel_lag,0.00,fuel,7.69,timing,76.00,duty0,0.00,dwell0,0.00,period0,1549.48,duty1,NaN,dwell1,0.00,period1,0.00,
msg,crankingFuel=1372,msg,crankingFuel=1372,msg,crankingFuel=1372,msg,crankingFuel=1372,
time,120.305,rpm,521,maf,2.26,MAP,-5.91,afr,9.04,vref,0.02,TP,0.20,CLT,34.00,MAT,NaN,ckp_c,167,fuel_base,2.32,fuel_iat,1.00,fuel_clt,1.00,fuel_lag,0.00,fuel,2.32,timing,76.00,duty0,0.00,dwell0,0.00,period0,1549.48,duty1,NaN,dwell1,0.00,period1,0.00,
time,120.339,rpm,521,maf,2.26,MAP,-5.91,afr,9.04,vref,0.02,TP,0.20,CLT,34.00,MAT,NaN,ckp_c,168,fuel_base,2.32,fuel_iat,1.00,fuel_clt,1.00,fuel_lag,0.00,fuel,2.32,timing,76.00,duty0,0.00,dwell0,0.00,period0,1549.48,duty1,NaN,dwell1,0.00,period1,0.00,
time,120.367,rpm,515,maf,2.09,MAP,-5.83,afr,9.04,vref,0.02,TP,0.20,CLT,33.82,MAT,NaN,ckp_c,169,fuel_base,2.32,fuel_iat,1.00,fuel_clt,1.00,fuel_lag,0.00,fuel,2.32,timing,76.00,duty0,0.00,dwell0,0.00,period0,1549.48,duty1,NaN,dwell1,0.00,period1,0.00,
msg,crankingFuel=1375,msg,crankingFuel=1375,msg,crankingFuel=1375,msg,crankingFuel=1375,
time,120.390,rpm,515,maf,2.09,MAP,-5.83,afr,9.04,vref,0.02,TP,0.20,CLT,33.82,MAT,NaN,ckp_c,170,fuel_base,2.32,fuel_iat,1.00,fuel_clt,1.00,fuel_lag,0.00,fuel,2.32,timing,76.00,duty0,0.00,dwell0,0.00,period0,1549.48,duty1,NaN,dwell1,0.00,period1,0.00,
time,120.430,rpm,515,maf,2.09,MAP,-5.83,afr,9.04,vref,0.02,TP,0.20,CLT,33.82,MAT,NaN,ckp_c,171,fuel_base,2.32,fuel_iat,1.00,fuel_clt,1.00,fuel_lag,0.00,fuel,2.32,timing,76.00,duty0,0.00,dwell0,0.00,period0,1549.48,duty1,NaN,dwell1,0.00,period1,0.00,
msg,crankingFuel=1372,msg,crankingFuel=1372,msg,crankingFuel=1372,msg,crankingFuel=1372,
time,120.510,rpm,515,maf,1.97,MAP,-5.83,afr,9.04,vref,0.02,TP,0.20,CLT,34.00,MAT,NaN,ckp_c,172,fuel_base,1.53,fuel_iat,1.00,fuel_clt,1.00,fuel_lag,0.00,fuel,1.53,timing,76.00,duty0,0.00,dwell0,0.00,period0,1549.48,duty1,NaN,dwell1,0.00,period1,0.00,
time,120.625,rpm,515,maf,2.09,MAP,-5.83,afr,9.03,vref,0.01,TP,0.20,CLT,34.27,MAT,NaN,ckp_c,173,fuel_base,2.32,fuel_iat,1.00,fuel_clt,1.00,fuel_lag,0.00,fuel,2.32,timing,76.00,duty0,0.00,dwell0,0.00,period0,1549.48,duty1,NaN,dwell1,0.00,period1,0.00,
time,120.781,rpm,515,maf,1.88,MAP,-5.83,afr,9.04,vref,0.02,TP,0.20,CLT,34.14,MAT,NaN,ckp_c,174,fuel_base,1.53,fuel_iat,1.00,fuel_clt,1.00,fuel_lag,0.00,fuel,1.53,timing,76.00,duty0,0.00,dwell0,0.00,period0,1549.48,duty1,NaN,dwell1,0.00,period1,0.00,
msg,crankingFuel=1372,msg,crankingFuel=1372,msg,crankingFuel=1372,msg,crankingFuel=1372,
time,120.892,rpm,515,maf,1.93,MAP,-5.83,afr,9.04,vref,0.02,TP,0.20,CLT,34.00,MAT,NaN,ckp_c,175,fuel_base,1.53,fuel_iat,1.00,fuel_clt,1.00,fuel_lag,0.00,fuel,1.53,timing,76.00,duty0,0.00,dwell0,0.00,period0,1549.48,duty1,NaN,dwell1,0.00,period1,0.00,
time,121.003,rpm,515,maf,1.84,MAP,-5.83,afr,9.04,vref,0.02,TP,0.20,CLT,34.18,MAT,NaN,ckp_c,175,fuel_base,1.53,fuel_iat,1.00,fuel_clt,1.00,fuel_lag,0.00,fuel,1.53,timing,76.00,duty0,0.00,dwell0,0.00,period0,1549.48,duty1,NaN,dwell1,0.00,period1,0.00,
time,121.103,rpm,515,maf,1.65,MAP,-5.83,afr,9.04,vref,0.02,TP,0.20,CLT,34.18,MAT,NaN,ckp_c,176,fuel_base,1.54,fuel_iat,1.00,fuel_clt,1.00,fuel_lag,0.00,fuel,1.54,timing,76.00,duty0,0.00,dwell0,0.00,period0,1549.48,duty1,NaN,dwell1,0.00,period1,0.00,
msg,crankingFuel=1373,msg,crankingFuel=1373,msg,crankingFuel=1373,msg,crankingFuel=1373,
time,121.168,rpm,515,maf,1.70,MAP,-5.83,afr,9.04,vref,0.02,TP,0.20,CLT,33.96,MAT,NaN,ckp_c,177,fuel_base,1.54,fuel_iat,1.00,fuel_clt,1.00,fuel_lag,0.00,fuel,1.54,timing,76.00,duty0,0.00,dwell0,0.00,period0,1549.48,duty1,NaN,dwell1,0.00,period1,0.00,
time,122.000,rpm,0,maf,1.42,MAP,-5.83,afr,9.03,vref,0.01,TP,0.20,CLT,33.96,MAT,NaN,ckp_c,177,fuel_base,1.53,fuel_iat,1.00,fuel_clt,1.00,fuel_lag,0.00,fuel,1.53,timing,36.53,duty0,0.00,dwell0,0.00,period0,1549.48,duty1,NaN,dwell1,0.00,period1,0.00,
wave_chart,crank!up!12013195!crank2!up!12014481!Injector 1!up!12014481!Injector 2!up!12014481!Injector 3!up!12014481!Injector 4!up!12014481!Spark 1!up!12014481!Injector 4!down!12015861!Injector 3!down!12015861!Injector 2!down!12015861!Injector 1!down!12015861!crank2!down!12016159!Spark 1!down!12016912!crank2!up!12018991!Injector 1!up!12018991!Injector 2!up!12018991!Injector 3!up!12018991!Injector 4!up!12018991!Spark 1!up!12018991!r!521!12019808!Injector 4!down!12020364!Injector 3!down!12020364!Injector 2!down!12020364!Injector 1!down!12020364!crank2!down!12020927!Spark 1!down!12021422!crank!down!12022656!crank2!up!12024199!Injector 1!up!12024199!Injector 2!up!12024199!Injector 3!up!12024199!Injector 4!up!12024199!Spark 1!up!12024199!Injector 4!down!12025572!Injector 3!down!12025572!Injector 2!down!12025572!Injector 1!down!12025572!crank2!down!12026571!Spark 1!down!12026630!crank2!up!12030583!Injector 1!up!12030583!Injector 2!up!12030583!Injector 3!up!12030583!Injector 4!up!12030583!Spark 1!up!12030583!Injector 4!down!12031955!Injector 3!down!12031955!Injector 2!down!12031955!Injector 1!down!12031955!Spark 1!down!12033014!crank2!down!12033555!crank!up!12036472!crank2!up!12038773!Injector 1!up!12038773!Injector 2!up!12038773!Injector 3!up!12038773!Injector 4!up!12038773!Spark 1!up!12038773!Injector 4!down!12040148!Injector 3!down!12040148!Injector 2!down!12040148!Injector 1!down!12040148!Spark 1!down!12041232!r!515!12042070!crank2!down!12042829!crank2!up!12050672!Injector 1!up!12050672!Injector 2!up!12050672!Injector 3!up!12050672!Injector 4!up!12050672!Spark 1!up!12050672!Injector 4!down!12052044!Injector 3!down!12052044!Injector 2!down!12052044!Injector 1!down!12052044!Spark 1!down!12053131!crank2!down!12062397!crank2!up!12077858!crank2!down!12089234!Injector 1!up!12089234!Injector 2!up!12089234!Injector 3!up!12089234!Injector 4!up!12089234!Spark 1!up!12089234!Injector 4!down!12090606!Injector 3!down!12090606!Injector 2!down!12090606!Injector 1!down!12090606!Spark 1!down!12091693!crank2!up!12110357!crank2!down!12116848!Injector 1!up!12116848!Injector 2!up!12116848!Injector 3!up!12116848!Injector 4!up!12116848!Spark 1!up!12116848!Injector 4!down!12118221!Injector 3!down!12118221!Injector 2!down!12118221!Injector 1!down!12118221!,
time,123.001,rpm,0,maf,1.48,MAP,-5.83,afr,9.04,vref,0.02,TP,0.20,CLT,34.18,MAT,NaN,ckp_c,177,fuel_base,1.53,fuel_iat,1.00,fuel_clt,1.00,fuel_lag,0.00,fuel,1.53,timing,36.53,duty0,0.00,dwell0,0.00,period0,1549.48,duty1,NaN,dwell1,0.00,period1,0.00,
time,124.003,rpm,0,maf,1.46,MAP,-5.83,afr,9.04,vref,0.02,TP,0.20,CLT,34.36,MAT,NaN,ckp_c,177,fuel_base,1.53,fuel_iat,1.00,fuel_clt,1.00,fuel_lag,0.00,fuel,1.53,timing,36.53,duty0,0.00,dwell0,0.00,period0,1549.48,duty1,NaN,dwell1,0.00,period1,0.00,
msg,fuelPump OFF at PC13,
time,125.000,rpm,0,maf,1.45,MAP,-5.83,afr,9.03,vref,0.01,TP,0.20,CLT,34.68,MAT,NaN,ckp_c,177,fuel_base,1.53,fuel_iat,1.00,fuel_clt,1.00,fuel_lag,0.00,fuel,1.53,timing,36.53,duty0,0.00,dwell0,0.00,period0,1549.48,duty1,NaN,dwell1,0.00,period1,0.00,
time,126.001,rpm,0,maf,1.43,MAP,-5.83,afr,9.04,vref,0.02,TP,0.20,CLT,34.64,MAT,NaN,ckp_c,177,fuel_base,1.53,fuel_iat,1.00,fuel_clt,1.00,fuel_lag,0.00,fuel,1.53,timing,36.53,duty0,0.00,dwell0,0.00,period0,1549.48,duty1,NaN,dwell1,0.00,period1,0.00,
time,127.003,rpm,0,maf,1.35,MAP,-5.83,afr,9.04,vref,0.02,TP,0.20,CLT,34.96,MAT,NaN,ckp_c,177,fuel_base,1.54,fuel_iat,1.00,fuel_clt,1.00,fuel_lag,0.00,fuel,1.54,timing,36.54,duty0,0.00,dwell0,0.00,period0,1549.48,duty1,NaN,dwell1,0.00,period1,0.00,
time,128.001,rpm,0,maf,1.48,MAP,-5.83,afr,9.03,vref,0.01,TP,0.20,CLT,35.10,MAT,NaN,ckp_c,177,fuel_base,1.53,fuel_iat,1.00,fuel_clt,1.00,fuel_lag,0.00,fuel,1.53,timing,36.53,duty0,0.00,dwell0,0.00,period0,1549.48,duty1,NaN,dwell1,0.00,period1,0.00,
time,129.003,rpm,0,maf,1.43,MAP,-5.83,afr,9.04,vref,0.02,TP,0.20,CLT,35.10,MAT,NaN,ckp_c,177,fuel_base,1.53,fuel_iat,1.00,fuel_clt,1.00,fuel_lag,0.00,fuel,1.53,timing,36.53,duty0,0.00,dwell0,0.00,period0,1549.48,duty1,NaN,dwell1,0.00,period1,0.00,
time,130.000,rpm,0,maf,1.44,MAP,-5.83,afr,9.04,vref,0.02,TP,0.20,CLT,35.14,MAT,NaN,ckp_c,177,fuel_base,1.53,fuel_iat,1.00,fuel_clt,1.00,fuel_lag,0.00,fuel,1.53,timing,36.53,duty0,0.00,dwell0,0.00,period0,1549.48,duty1,NaN,dwell1,0.00,period1,0.00,
time,131.001,rpm,0,maf,1.43,MAP,-5.83,afr,9.03,vref,0.01,TP,0.20,CLT,34.96,MAT,NaN,ckp_c,177,fuel_base,1.53,fuel_iat,1.00,fuel_clt,1.00,fuel_lag,0.00,fuel,1.53,timing,36.53,duty0,0.00,dwell0,0.00,period0,1549.48,duty1,NaN,dwell1,0.00,period1,0.00,
time,132.003,rpm,0,maf,1.43,MAP,-5.83,afr,9.04,vref,0.02,TP,0.20,CLT,35.38,MAT,NaN,ckp_c,177,fuel_base,1.53,fuel_iat,1.00,fuel_clt,1.00,fuel_lag,0.00,fuel,1.53,timing,36.53,duty0,0.00,dwell0,0.00,period0,1549.48,duty1,NaN,dwell1,0.00,period1,0.00,
time,133.001,rpm,0,maf,1.44,MAP,-5.83,afr,9.04,vref,0.02,TP,0.20,CLT,35.33,MAT,NaN,ckp_c,177,fuel_base,1.53,fuel_iat,1.00,fuel_clt,1.00,fuel_lag,0.00,fuel,1.53,timing,36.53,duty0,0.00,dwell0,0.00,period0,1549.48,duty1,NaN,dwell1,0.00,period1,0.00,
time,134.003,rpm,0,maf,1.47,MAP,-5.83,afr,9.02,vref,0.01,TP,0.20,CLT,35.47,MAT,NaN,ckp_c,177,fuel_base,1.53,fuel_iat,1.00,fuel_clt,1.00,fuel_lag,0.00,fuel,1.53,timing,36.53,duty0,0.00,dwell0,0.00,period0,1549.48,duty1,NaN,dwell1,0.00,period1,0.00,
time,135.000,rpm,0,maf,1.36,MAP,-5.83,afr,9.04,vref,0.02,TP,0.20,CLT,35.38,MAT,NaN,ckp_c,177,fuel_base,1.54,fuel_iat,1.00,fuel_clt,1.00,fuel_lag,0.00,fuel,1.54,timing,36.54,duty0,0.00,dwell0,0.00,period0,1549.48,duty1,NaN,dwell1,0.00,period1,0.00,
time,136.001,rpm,0,maf,1.43,MAP,-5.83,afr,9.03,vref,0.01,TP,0.20,CLT,35.61,MAT,NaN,ckp_c,177,fuel_base,1.53,fuel_iat,1.00,fuel_clt,1.00,fuel_lag,0.00,fuel,1.53,timing,36.53,duty0,0.00,dwell0,0.00,period0,1549.48,duty1,NaN,dwell1,0.00,period1,0.00,
time,137.003,rpm,0,maf,1.42,MAP,-5.83,afr,9.03,vref,0.01,TP,0.20,CLT,35.61,MAT,NaN,ckp_c,177,fuel_base,1.53,fuel_iat,1.00,fuel_clt,1.00,fuel_lag,0.00,fuel,1.53,timing,36.53,duty0,0.00,dwell0,0.00,period0,1549.48,duty1,NaN,dwell1,0.00,period1,0.00,
time,138.000,rpm,0,maf,1.43,MAP,-5.83,afr,9.04,vref,0.02,TP,0.40,CLT,35.56,MAT,NaN,ckp_c,177,fuel_base,1.53,fuel_iat,1.00,fuel_clt,1.00,fuel_lag,0.00,fuel,1.53,timing,36.53,duty0,0.00,dwell0,0.00,period0,1549.48,duty1,NaN,dwell1,0.00,period1,0.00,
time,139.001,rpm,0,maf,1.43,MAP,-5.83,afr,9.02,vref,0.01,TP,0.10,CLT,35.42,MAT,NaN,ckp_c,177,fuel_base,1.53,fuel_iat,1.00,fuel_clt,1.00,fuel_lag,0.00,fuel,1.53,timing,36.53,duty0,0.00,dwell0,0.00,period0,1549.48,duty1,NaN,dwell1,0.00,period1,0.00,
time,140.003,rpm,0,maf,1.42,MAP,-5.83,afr,9.03,vref,0.01,TP,0.20,CLT,35.52,MAT,NaN,ckp_c,177,fuel_base,1.53,fuel_iat,1.00,fuel_clt,1.00,fuel_lag,0.00,fuel,1.53,timing,36.53,duty0,0.00,dwell0,0.00,period0,1549.48,duty1,NaN,dwell1,0.00,period1,0.00,
time,141.001,rpm,0,maf,1.43,MAP,-5.83,afr,9.04,vref,0.02,TP,0.20,CLT,35.38,MAT,NaN,ckp_c,177,fuel_base,1.53,fuel_iat,1.00,fuel_clt,1.00,fuel_lag,0.00,fuel,1.53,timing,36.53,duty0,0.00,dwell0,0.00,period0,1549.48,duty1,NaN,dwell1,0.00,period1,0.00,
time,142.003,rpm,0,maf,1.44,MAP,-5.83,afr,9.03,vref,0.01,TP,0.20,CLT,35.42,MAT,NaN,ckp_c,177,fuel_base,1.53,fuel_iat,1.00,fuel_clt,1.00,fuel_lag,0.00,fuel,1.53,timing,36.53,duty0,0.00,dwell0,0.00,period0,1549.48,duty1,NaN,dwell1,0.00,period1,0.00,
time,143.003,rpm,0,maf,1.43,MAP,-5.83,afr,9.04,vref,0.02,TP,0.40,CLT,35.28,MAT,NaN,ckp_c,177,fuel_base,1.53,fuel_iat,1.00,fuel_clt,1.00,fuel_lag,0.00,fuel,1.53,timing,36.53,duty0,0.00,dwell0,0.00,period0,1549.48,duty1,NaN,dwell1,0.00,period1,0.00,
time,144.001,rpm,0,maf,1.39,MAP,-5.83,afr,9.03,vref,0.01,TP,0.20,CLT,35.38,MAT,NaN,ckp_c,177,fuel_base,1.54,fuel_iat,1.00,fuel_clt,1.00,fuel_lag,0.00,fuel,1.54,timing,36.54,duty0,0.00,dwell0,0.00,period0,1549.48,duty1,NaN,dwell1,0.00,period1,0.00,
time,145.003,rpm,0,maf,1.44,MAP,-5.83,afr,9.03,vref,0.01,TP,0.20,CLT,35.38,MAT,NaN,ckp_c,177,fuel_base,1.53,fuel_iat,1.00,fuel_clt,1.00,fuel_lag,0.00,fuel,1.53,timing,36.53,duty0,0.00,dwell0,0.00,period0,1549.48,duty1,NaN,dwell1,0.00,period1,0.00,
time,146.001,rpm,0,maf,1.42,MAP,-5.83,afr,9.03,vref,0.01,TP,0.20,CLT,35.33,MAT,NaN,ckp_c,177,fuel_base,1.53,fuel_iat,1.00,fuel_clt,1.00,fuel_lag,0.00,fuel,1.53,timing,36.53,duty0,0.00,dwell0,0.00,period0,1549.48,duty1,NaN,dwell1,0.00,period1,0.00,
time,147.003,rpm,0,maf,1.43,MAP,-5.83,afr,9.02,vref,0.01,TP,0.20,CLT,35.38,MAT,NaN,ckp_c,177,fuel_base,1.53,fuel_iat,1.00,fuel_clt,1.00,fuel_lag,0.00,fuel,1.53,timing,36.53,duty0,0.00,dwell0,0.00,period0,1549.48,duty1,NaN,dwell1,0.00,period1,0.00,
time,148.000,rpm,0,maf,1.43,MAP,-5.83,afr,9.04,vref,0.02,TP,0.20,CLT,35.28,MAT,NaN,ckp_c,177,fuel_base,1.53,fuel_iat,1.00,fuel_clt,1.00,fuel_lag,0.00,fuel,1.53,timing,36.53,duty0,0.00,dwell0,0.00,period0,1549.48,duty1,NaN,dwell1,0.00,period1,0.00,
time,149.001,rpm,0,maf,1.44,MAP,-5.83,afr,9.04,vref,0.02,TP,0.20,CLT,35.19,MAT,NaN,ckp_c,177,fuel_base,1.53,fuel_iat,1.00,fuel_clt,1.00,fuel_lag,0.00,fuel,1.53,timing,36.53,duty0,0.00,dwell0,0.00,period0,1549.48,duty1,NaN,dwell1,0.00,period1,0.00,
time,150.003,rpm,0,maf,1.47,MAP,-5.83,afr,9.03,vref,0.01,TP,0.20,CLT,35.28,MAT,NaN,ckp_c,177,fuel_base,1.53,fuel_iat,1.00,fuel_clt,1.00,fuel_lag,0.00,fuel,1.53,timing,36.53,duty0,0.00,dwell0,0.00,period0,1549.48,duty1,NaN,dwell1,0.00,period1,0.00,
time,151.001,rpm,0,maf,1.35,MAP,-5.83,afr,9.04,vref,0.02,TP,0.20,CLT,35.14,MAT,NaN,ckp_c,177,fuel_base,1.54,fuel_iat,1.00,fuel_clt,1.00,fuel_lag,0.00,fuel,1.54,timing,36.54,duty0,0.00,dwell0,0.00,period0,1549.48,duty1,NaN,dwell1,0.00,period1,0.00,
time,152.003,rpm,0,maf,1.43,MAP,-5.83,afr,9.02,vref,0.01,TP,0.30,CLT,35.10,MAT,NaN,ckp_c,177,fuel_base,1.53,fuel_iat,1.00,fuel_clt,1.00,fuel_lag,0.00,fuel,1.53,timing,36.53,duty0,0.00,dwell0,0.00,period0,1549.48,duty1,NaN,dwell1,0.00,period1,0.00,
time,153.000,rpm,0,maf,1.47,MAP,-5.83,afr,9.03,vref,0.01,TP,0.20,CLT,35.10,MAT,NaN,ckp_c,177,fuel_base,1.53,fuel_iat,1.00,fuel_clt,1.00,fuel_lag,0.00,fuel,1.53,timing,36.53,duty0,0.00,dwell0,0.00,period0,1549.48,duty1,NaN,dwell1,0.00,period1,0.00,
time,154.001,rpm,0,maf,1.42,MAP,-5.83,afr,9.03,vref,0.01,TP,0.20,CLT,35.47,MAT,NaN,ckp_c,177,fuel_base,1.53,fuel_iat,1.00,fuel_clt,1.00,fuel_lag,0.00,fuel,1.53,timing,36.53,duty0,0.00,dwell0,0.00,period0,1549.48,duty1,NaN,dwell1,0.00,period1,0.00,
time,154.787,rpm,0,maf,1.43,MAP,-5.83,afr,9.03,vref,0.01,TP,0.20,CLT,35.05,MAT,NaN,ckp_c,178,fuel_base,1.53,fuel_iat,1.00,fuel_clt,1.00,fuel_lag,0.00,fuel,1.53,timing,36.53,duty0,0.00,dwell0,0.00,period0,1549.48,duty1,NaN,dwell1,0.00,period1,0.00,
time,154.860,rpm,0,maf,1.43,MAP,-5.83,afr,9.04,vref,0.02,TP,0.20,CLT,35.14,MAT,NaN,ckp_c,179,fuel_base,1.53,fuel_iat,1.00,fuel_clt,1.00,fuel_lag,0.00,fuel,1.53,timing,36.53,duty0,0.00,dwell0,0.00,period0,1549.48,duty1,NaN,dwell1,0.00,period1,0.00,
time,154.899,rpm,0,maf,1.76,MAP,-5.83,afr,9.03,vref,0.01,TP,0.20,CLT,35.00,MAT,NaN,ckp_c,180,fuel_base,1.54,fuel_iat,1.00,fuel_clt,1.00,fuel_lag,0.00,fuel,1.54,timing,36.54,duty0,0.00,dwell0,0.00,period0,1549.48,duty1,NaN,dwell1,0.00,period1,0.00,
time,154.927,rpm,0,maf,1.76,MAP,-5.83,afr,9.03,vref,0.01,TP,0.20,CLT,35.00,MAT,NaN,ckp_c,181,fuel_base,1.54,fuel_iat,1.00,fuel_clt,1.00,fuel_lag,0.00,fuel,1.54,timing,36.54,duty0,0.00,dwell0,0.00,period0,1549.48,duty1,NaN,dwell1,0.00,period1,0.00,
time,154.977,rpm,0,maf,1.79,MAP,-5.83,afr,9.03,vref,0.01,TP,0.20,CLT,34.96,MAT,NaN,ckp_c,182,fuel_base,1.54,fuel_iat,1.00,fuel_clt,1.00,fuel_lag,0.00,fuel,1.54,timing,36.54,duty0,0.00,dwell0,0.00,period0,1549.48,duty1,NaN,dwell1,0.00,period1,0.00,
time,155.000,rpm,0,maf,1.79,MAP,-5.83,afr,9.03,vref,0.01,TP,0.20,CLT,34.96,MAT,NaN,ckp_c,182,fuel_base,1.54,fuel_iat,1.00,fuel_clt,1.00,fuel_lag,0.00,fuel,1.54,timing,36.54,duty0,0.00,dwell0,0.00,period0,1549.48,duty1,NaN,dwell1,0.00,period1,0.00,
time,155.037,rpm,0,maf,1.79,MAP,-5.83,afr,9.03,vref,0.01,TP,0.20,CLT,34.96,MAT,NaN,ckp_c,183,fuel_base,1.54,fuel_iat,1.00,fuel_clt,1.00,fuel_lag,0.00,fuel,1.54,timing,36.54,duty0,0.00,dwell0,0.00,period0,1549.48,duty1,NaN,dwell1,0.00,period1,0.00,
time,155.076,rpm,0,maf,1.99,MAP,-5.83,afr,9.02,vref,0.01,TP,0.20,CLT,35.00,MAT,NaN,ckp_c,184,fuel_base,1.53,fuel_iat,1.00,fuel_clt,1.00,fuel_lag,0.00,fuel,1.53,timing,36.53,duty0,0.00,dwell0,0.00,period0,1549.48,duty1,NaN,dwell1,0.00,period1,0.00,
msg,fuelPump ON at PC13,
time,155.104,rpm,515,maf,1.99,MAP,-5.86,afr,9.02,vref,0.01,TP,0.20,CLT,35.00,MAT,NaN,ckp_c,185,fuel_base,1.53,fuel_iat,1.00,fuel_clt,1.00,fuel_lag,0.00,fuel,1.53,timing,76.00,duty0,0.00,dwell0,0.00,period0,1549.48,duty1,NaN,dwell1,0.00,period1,0.00,
msg,crankingFuel=1353,msg,crankingFuel=1353,msg,crankingFuel=1353,msg,crankingFuel=1353,
time,155.134,rpm,515,maf,1.99,MAP,-5.86,afr,9.02,vref,0.01,TP,0.20,CLT,35.00,MAT,NaN,ckp_c,186,fuel_base,1.53,fuel_iat,1.00,fuel_clt,1.00,fuel_lag,0.00,fuel,1.53,timing,76.00,duty0,0.00,dwell0,0.00,period0,1549.48,duty1,NaN,dwell1,0.00,period1,0.00,
time,155.167,rpm,515,maf,2.28,MAP,-5.86,afr,9.04,vref,0.02,TP,0.20,CLT,34.86,MAT,NaN,ckp_c,187,fuel_base,7.69,fuel_iat,1.00,fuel_clt,1.00,fuel_lag,0.00,fuel,7.69,timing,76.00,duty0,0.00,dwell0,0.00,period0,1549.48,duty1,NaN,dwell1,0.00,period1,0.00,
msg,crankingFuel=1356,msg,crankingFuel=1356,msg,crankingFuel=1356,msg,crankingFuel=1356,
time,155.216,rpm,515,maf,2.28,MAP,-5.86,afr,9.04,vref,0.02,TP,0.20,CLT,34.86,MAT,NaN,ckp_c,188,fuel_base,7.69,fuel_iat,1.00,fuel_clt,1.00,fuel_lag,0.00,fuel,7.69,timing,76.00,duty0,0.00,dwell0,0.00,period0,1549.48,duty1,NaN,dwell1,0.00,period1,0.00,
time,155.248,rpm,515,maf,2.33,MAP,-5.86,afr,9.04,vref,0.02,TP,0.20,CLT,34.96,MAT,NaN,ckp_c,189,fuel_base,7.69,fuel_iat,1.00,fuel_clt,1.00,fuel_lag,0.00,fuel,7.69,timing,76.00,duty0,0.00,dwell0,0.00,period0,1549.48,duty1,NaN,dwell1,0.00,period1,0.00,
time,155.277,rpm,515,maf,2.33,MAP,-5.86,afr,9.04,vref,0.02,TP,0.20,CLT,34.96,MAT,NaN,ckp_c,190,fuel_base,7.69,fuel_iat,1.00,fuel_clt,1.00,fuel_lag,0.00,fuel,7.69,timing,76.00,duty0,0.00,dwell0,0.00,period0,1549.48,duty1,NaN,dwell1,0.00,period1,0.00,
msg,crankingFuel=1354,msg,crankingFuel=1354,msg,crankingFuel=1354,msg,crankingFuel=1354,
time,155.300,rpm,515,maf,2.33,MAP,-5.86,afr,9.04,vref,0.02,TP,0.20,CLT,34.96,MAT,NaN,ckp_c,191,fuel_base,7.69,fuel_iat,1.00,fuel_clt,1.00,fuel_lag,0.00,fuel,7.69,timing,76.00,duty0,0.00,dwell0,0.00,period0,1549.48,duty1,NaN,dwell1,0.00,period1,0.00,
time,155.333,rpm,515,maf,2.27,MAP,-5.86,afr,9.03,vref,0.01,TP,0.20,CLT,35.10,MAT,NaN,ckp_c,192,fuel_base,7.69,fuel_iat,1.00,fuel_clt,1.00,fuel_lag,0.00,fuel,7.69,timing,76.00,duty0,0.00,dwell0,0.00,period0,1549.48,duty1,NaN,dwell1,0.00,period1,0.00,
msg,crankingFuel=1351,msg,crankingFuel=1351,msg,crankingFuel=1351,msg,crankingFuel=1351,
time,155.382,rpm,515,maf,2.27,MAP,-5.86,afr,9.03,vref,0.01,TP,0.20,CLT,35.10,MAT,NaN,ckp_c,193,fuel_base,7.69,fuel_iat,1.00,fuel_clt,1.00,fuel_lag,0.00,fuel,7.69,timing,76.00,duty0,0.00,dwell0,0.00,period0,1549.48,duty1,NaN,dwell1,0.00,period1,0.00,
time,155.417,rpm,515,maf,2.19,MAP,-5.86,afr,9.04,vref,0.02,TP,0.20,CLT,34.96,MAT,NaN,ckp_c,194,fuel_base,2.32,fuel_iat,1.00,fuel_clt,1.00,fuel_lag,0.00,fuel,2.32,timing,76.00,duty0,0.00,dwell0,0.00,period0,1549.48,duty1,NaN,dwell1,0.00,period1,0.00,
time,155.440,rpm,360,maf,2.19,MAP,-5.83,afr,9.04,vref,0.02,TP,0.20,CLT,34.96,MAT,NaN,ckp_c,195,fuel_base,2.32,fuel_iat,1.00,fuel_clt,1.00,fuel_lag,0.00,fuel,2.32,timing,76.00,duty0,0.00,dwell0,0.00,period0,1549.48,duty1,NaN,dwell1,0.00,period1,0.00,
msg,crankingFuel=1354,msg,crankingFuel=1354,msg,crankingFuel=1354,msg,crankingFuel=1354,
time,155.453,rpm,360,maf,2.19,MAP,-5.83,afr,9.04,vref,0.02,TP,0.20,CLT,34.96,MAT,NaN,ckp_c,196,fuel_base,2.32,fuel_iat,1.00,fuel_clt,1.00,fuel_lag,0.00,fuel,2.32,timing,76.00,duty0,0.00,dwell0,0.00,period0,1549.48,duty1,NaN,dwell1,0.00,period1,0.00,
time,155.464,rpm,360,maf,2.19,MAP,-5.83,afr,9.04,vref,0.02,TP,0.20,CLT,34.96,MAT,NaN,ckp_c,197,fuel_base,2.32,fuel_iat,1.00,fuel_clt,1.00,fuel_lag,0.00,fuel,2.32,timing,76.00,duty0,0.00,dwell0,0.00,period0,1549.48,duty1,NaN,dwell1,0.00,period1,0.00,
msg,crankingFuel=1354,msg,crankingFuel=1354,msg,crankingFuel=1354,msg,crankingFuel=1354,
time,155.494,rpm,360,maf,2.19,MAP,-5.83,afr,9.04,vref,0.02,TP,0.20,CLT,34.96,MAT,NaN,ckp_c,198,fuel_base,2.32,fuel_iat,1.00,fuel_clt,1.00,fuel_lag,0.00,fuel,2.32,timing,76.00,duty0,0.00,dwell0,0.00,period0,1549.48,duty1,NaN,dwell1,0.00,period1,0.00,
time,155.511,rpm,360,maf,2.59,MAP,-5.83,afr,9.03,vref,0.01,TP,0.10,CLT,35.99,MAT,NaN,ckp_c,199,fuel_base,14.33,fuel_iat,1.00,fuel_clt,1.00,fuel_lag,0.00,fuel,14.33,timing,76.00,duty0,0.00,dwell0,0.00,period0,1549.48,duty1,NaN,dwell1,0.00,period1,0.00,
time,155.529,rpm,360,maf,2.59,MAP,-5.83,afr,9.03,vref,0.01,TP,0.10,CLT,35.99,MAT,NaN,ckp_c,200,fuel_base,14.33,fuel_iat,1.00,fuel_clt,1.00,fuel_lag,0.00,fuel,14.33,timing,76.00,duty0,0.00,dwell0,0.00,period0,1549.48,duty1,NaN,dwell1,0.00,period1,0.00,
msg,crankingFuel=1335,msg,crankingFuel=1335,msg,crankingFuel=1335,msg,crankingFuel=1335,
time,155.542,rpm,360,maf,2.59,MAP,-5.83,afr,9.03,vref,0.01,TP,0.10,CLT,35.99,MAT,NaN,ckp_c,201,fuel_base,14.33,fuel_iat,1.00,fuel_clt,1.00,fuel_lag,0.00,fuel,14.33,timing,76.00,duty0,0.00,dwell0,0.00,period0,1549.48,duty1,NaN,dwell1,0.00,period1,0.00,
time,155.565,rpm,360,maf,2.59,MAP,-5.83,afr,9.03,vref,0.01,TP,0.10,CLT,35.99,MAT,NaN,ckp_c,202,fuel_base,14.33,fuel_iat,1.00,fuel_clt,1.00,fuel_lag,0.00,fuel,14.33,timing,76.00,duty0,0.00,dwell0,0.00,period0,1549.48,duty1,NaN,dwell1,0.00,period1,0.00,
msg,crankingFuel=1352,msg,crankingFuel=1352,msg,crankingFuel=1352,msg,crankingFuel=1352,
time,155.604,rpm,360,maf,2.17,MAP,-5.83,afr,9.04,vref,0.02,TP,0.20,CLT,35.05,MAT,NaN,ckp_c,203,fuel_base,2.32,fuel_iat,1.00,fuel_clt,1.00,fuel_lag,0.00,fuel,2.32,timing,76.00,duty0,0.00,dwell0,0.00,period0,1549.48,duty1,NaN,dwell1,0.00,period1,0.00,
time,155.632,rpm,360,maf,2.17,MAP,-5.83,afr,9.04,vref,0.02,TP,0.20,CLT,35.05,MAT,NaN,ckp_c,204,fuel_base,2.32,fuel_iat,1.00,fuel_clt,1.00,fuel_lag,0.00,fuel,2.32,timing,76.00,duty0,0.00,dwell0,0.00,period0,1549.48,duty1,NaN,dwell1,0.00,period1,0.00,
time,155.656,rpm,549,maf,2.17,MAP,-5.79,afr,9.04,vref,0.02,TP,0.20,CLT,35.05,MAT,NaN,ckp_c,205,fuel_base,2.32,fuel_iat,1.00,fuel_clt,1.00,fuel_lag,0.00,fuel,2.32,timing,76.00,duty0,0.00,dwell0,0.00,period0,1549.48,duty1,NaN,dwell1,0.00,period1,0.00,
msg,crankingFuel=1349,msg,crankingFuel=1349,msg,crankingFuel=1349,msg,crankingFuel=1349,
time,155.679,rpm,549,maf,2.37,MAP,-5.79,afr,9.03,vref,0.01,TP,0.10,CLT,35.24,MAT,NaN,ckp_c,206,fuel_base,7.69,fuel_iat,1.00,fuel_clt,1.00,fuel_lag,0.00,fuel,7.69,timing,76.00,duty0,0.00,dwell0,0.00,period0,1549.48,duty1,NaN,dwell1,0.00,period1,0.00,
time,155.716,rpm,549,maf,2.37,MAP,-5.79,afr,9.03,vref,0.01,TP,0.10,CLT,35.24,MAT,NaN,ckp_c,207,fuel_base,7.69,fuel_iat,1.00,fuel_clt,1.00,fuel_lag,0.00,fuel,7.69,timing,76.00,duty0,0.00,dwell0,0.00,period0,1549.48,duty1,NaN,dwell1,0.00,period1,0.00,
msg,crankingFuel=1354,msg,crankingFuel=1354,msg,crankingFuel=1354,msg,crankingFuel=1354,
time,155.781,rpm,549,maf,2.11,MAP,-5.79,afr,9.03,vref,0.01,TP,0.20,CLT,34.96,MAT,NaN,ckp_c,208,fuel_base,2.32,fuel_iat,1.00,fuel_clt,1.00,fuel_lag,0.00,fuel,2.32,timing,76.00,duty0,0.00,dwell0,0.00,period0,1549.48,duty1,NaN,dwell1,0.00,period1,0.00,
time,155.912,rpm,549,maf,1.90,MAP,-5.79,afr,9.04,vref,0.02,TP,0.20,CLT,35.10,MAT,NaN,ckp_c,209,fuel_base,1.53,fuel_iat,1.00,fuel_clt,1.00,fuel_lag,0.00,fuel,1.53,timing,76.00,duty0,0.00,dwell0,0.00,period0,1549.48,duty1,NaN,dwell1,0.00,period1,0.00,
time,156.003,rpm,549,maf,2.34,MAP,-5.79,afr,9.03,vref,0.01,TP,0.20,CLT,35.00,MAT,NaN,ckp_c,209,fuel_base,7.69,fuel_iat,1.00,fuel_clt,1.00,fuel_lag,0.00,fuel,7.69,timing,76.00,duty0,0.00,dwell0,0.00,period0,1549.48,duty1,NaN,dwell1,0.00,period1,0.00,
time,156.067,rpm,549,maf,1.87,MAP,-5.79,afr,9.04,vref,0.02,TP,0.20,CLT,35.00,MAT,NaN,ckp_c,210,fuel_base,1.53,fuel_iat,1.00,fuel_clt,1.00,fuel_lag,0.00,fuel,1.53,timing,76.00,duty0,0.00,dwell0,0.00,period0,1549.48,duty1,NaN,dwell1,0.00,period1,0.00,
wave_chart,crank!up!15510468!crank2!up!15512866!Injector 1!up!15512866!Injector 2!up!15512866!Injector 3!up!15512866!Injector 4!up!15512866!Spark 1!up!15512866!Injector 4!down!15514219!Injector 3!down!15514219!Injector 2!down!15514219!Injector 1!down!15514219!Spark 1!down!15515325!crank2!down!15516296!crank2!up!15521455!Injector 1!up!15521455!Injector 2!up!15521455!Injector 3!up!15521455!Injector 4!up!15521455!Spark 1!up!15521455!Injector 4!down!15522811!Injector 3!down!15522811!Injector 2!down!15522811!Injector 1!down!15522811!Spark 1!down!15523914!crank2!down!15524825!crank!down!15527632!crank2!up!15529869!Injector 1!up!15529869!Injector 2!up!15529869!Injector 3!up!15529869!Injector 4!up!15529869!Spark 1!up!15529869!Injector 4!down!15531223!Injector 3!down!15531223!Injector 2!down!15531223!Injector 1!down!15531223!Spark 1!down!15532328!crank2!down!15533178!crank2!up!15538158!Injector 1!up!15538158!Injector 2!up!15538158!Injector 3!up!15538158!Injector 4!up!15538158!Spark 1!up!15538158!Injector 4!down!15539509!Injector 3!down!15539509!Injector 2!down!15539509!Injector 1!down!15539509!Spark 1!down!15540617!crank2!down!15541468!crank!up!15543711!crank2!up!15544945!Injector 1!up!15544945!Injector 2!up!15544945!Injector 3!up!15544945!Injector 4!up!15544945!Spark 1!up!15544945!Injector 4!down!15546299!Injector 3!down!15546299!Injector 2!down!15546299!Injector 1!down!15546299!crank2!down!15546531!Spark 1!down!15548463!crank2!up!15549211!Injector 1!up!15549211!Injector 2!up!15549211!Injector 3!up!15549211!Injector 4!up!15549211!Spark 1!up!15549211!r!360!15549374!Injector 4!down!15550565!Injector 3!down!15550565!Injector 2!down!15550565!Injector 1!down!15550565!crank2!down!15551036!crank!down!15552673!Spark 1!down!15552729!crank2!up!15554108!Injector 1!up!15554108!Injector 2!up!15554108!Injector 3!up!15554108!Injector 4!up!15554108!Spark 1!up!15554108!Injector 4!down!15555443!Injector 3!down!15555443!Injector 2!down!15555443!Injector 1!down!15555443!crank2!down!15556339!Spark 1!down!15557626!crank2!up!15560115!Injector 1!up!15560115!Injector 2!up!15560115!Injector 3!up!15560115!Injector 4!up!15560115!Spark 1!up!15560115!Injector 4!down!15561467!Injector 3!down!15561467!Injector 2!down!15561467!Injector 1!down!15561467!crank2!down!15562936!,
msg,crankingFuel=1350,msg,crankingFuel=1350,msg,crankingFuel=1350,msg,crankingFuel=1350,
time,156.177,rpm,549,maf,1.80,MAP,-5.79,afr,9.03,vref,0.01,TP,0.10,CLT,35.19,MAT,NaN,ckp_c,211,fuel_base,1.54,fuel_iat,1.00,fuel_clt,1.00,fuel_lag,0.00,fuel,1.54,timing,76.00,duty0,0.00,dwell0,0.00,period0,1549.48,duty1,NaN,dwell1,0.00,period1,0.00,
time,156.380,rpm,549,maf,1.83,MAP,-5.79,afr,9.03,vref,0.01,TP,0.20,CLT,34.54,MAT,NaN,ckp_c,212,fuel_base,1.54,fuel_iat,1.00,fuel_clt,1.00,fuel_lag,0.00,fuel,1.54,timing,76.00,duty0,0.00,dwell0,0.00,period0,1549.48,duty1,NaN,dwell1,0.00,period1,0.00,
msg,crankingFuel=1349,msg,crankingFuel=1349,msg,crankingFuel=1349,msg,crankingFuel=1349,
time,156.472,rpm,549,maf,1.79,MAP,-5.79,afr,9.03,vref,0.01,TP,0.20,CLT,35.24,MAT,NaN,ckp_c,213,fuel_base,1.54,fuel_iat,1.00,fuel_clt,1.00,fuel_lag,0.00,fuel,1.54,timing,76.00,duty0,0.00,dwell0,0.00,period0,1549.48,duty1,NaN,dwell1,0.00,period1,0.00,
time,157.000,rpm,0,maf,1.52,MAP,-5.79,afr,9.04,vref,0.02,TP,0.20,CLT,34.82,MAT,NaN,ckp_c,213,fuel_base,1.53,fuel_iat,1.00,fuel_clt,1.00,fuel_lag,0.00,fuel,1.53,timing,36.53,duty0,0.00,dwell0,0.00,period0,1549.48,duty1,NaN,dwell1,0.00,period1,0.00,
time,158.001,rpm,0,maf,1.47,MAP,-5.79,afr,9.04,vref,0.02,TP,0.20,CLT,35.19,MAT,NaN,ckp_c,213,fuel_base,1.53,fuel_iat,1.00,fuel_clt,1.00,fuel_lag,0.00,fuel,1.53,timing,36.53,duty0,0.00,dwell0,0.00,period0,1549.48,duty1,NaN,dwell1,0.00,period1,0.00,
time,159.003,rpm,0,maf,1.50,MAP,-5.79,afr,9.03,vref,0.01,TP,0.20,CLT,35.05,MAT,NaN,ckp_c,213,fuel_base,1.53,fuel_iat,1.00,fuel_clt,1.00,fuel_lag,0.00,fuel,1.53,timing,36.53,duty0,0.00,dwell0,0.00,period0,1549.48,duty1,NaN,dwell1,0.00,period1,0.00,
msg,fuelPump OFF at PC13,
time,160.000,rpm,0,maf,1.44,MAP,-5.79,afr,9.03,vref,0.01,TP,0.20,CLT,35.14,MAT,NaN,ckp_c,213,fuel_base,1.53,fuel_iat,1.00,fuel_clt,1.00,fuel_lag,0.00,fuel,1.53,timing,36.53,duty0,0.00,dwell0,0.00,period0,1549.48,duty1,NaN,dwell1,0.00,period1,0.00,
time,161.003,rpm,0,maf,1.44,MAP,-5.79,afr,9.03,vref,0.01,TP,0.20,CLT,35.28,MAT,NaN,ckp_c,213,fuel_base,1.53,fuel_iat,1.00,fuel_clt,1.00,fuel_lag,0.00,fuel,1.53,timing,36.53,duty0,0.00,dwell0,0.00,period0,1549.48,duty1,NaN,dwell1,0.00,period1,0.00,
time,162.000,rpm,0,maf,1.44,MAP,-5.79,afr,9.03,vref,0.01,TP,0.20,CLT,35.42,MAT,NaN,ckp_c,213,fuel_base,1.53,fuel_iat,1.00,fuel_clt,1.00,fuel_lag,0.00,fuel,1.53,timing,36.53,duty0,0.00,dwell0,0.00,period0,1549.48,duty1,NaN,dwell1,0.00,period1,0.00,
time,163.001,rpm,0,maf,1.42,MAP,-5.79,afr,9.03,vref,0.01,TP,0.20,CLT,35.89,MAT,NaN,ckp_c,213,fuel_base,1.53,fuel_iat,1.00,fuel_clt,1.00,fuel_lag,0.00,fuel,1.53,timing,36.53,duty0,0.00,dwell0,0.00,period0,1549.48,duty1,NaN,dwell1,0.00,period1,0.00,
time,164.003,rpm,0,maf,1.36,MAP,-5.79,afr,9.03,vref,0.01,TP,0.20,CLT,35.66,MAT,NaN,ckp_c,213,fuel_base,1.54,fuel_iat,1.00,fuel_clt,1.00,fuel_lag,0.00,fuel,1.54,timing,36.54,duty0,0.00,dwell0,0.00,period0,1549.48,duty1,NaN,dwell1,0.00,period1,0.00,
time,165.001,rpm,0,maf,1.39,MAP,-5.79,afr,9.03,vref,0.01,TP,0.20,CLT,35.70,MAT,NaN,ckp_c,213,fuel_base,1.54,fuel_iat,1.00,fuel_clt,1.00,fuel_lag,0.00,fuel,1.54,timing,36.54,duty0,0.00,dwell0,0.00,period0,1549.48,duty1,NaN,dwell1,0.00,period1,0.00,
time,166.003,rpm,0,maf,1.53,MAP,-5.79,afr,9.02,vref,0.01,TP,0.20,CLT,35.42,MAT,NaN,ckp_c,213,fuel_base,1.53,fuel_iat,1.00,fuel_clt,1.00,fuel_lag,0.00,fuel,1.53,timing,36.53,duty0,0.00,dwell0,0.00,period0,1549.48,duty1,NaN,dwell1,0.00,period1,0.00,
time,167.000,rpm,0,maf,1.43,MAP,-5.79,afr,9.03,vref,0.01,TP,0.10,CLT,35.75,MAT,NaN,ckp_c,213,fuel_base,1.53,fuel_iat,1.00,fuel_clt,1.00,fuel_lag,0.00,fuel,1.53,timing,36.53,duty0,0.00,dwell0,0.00,period0,1549.48,duty1,NaN,dwell1,0.00,period1,0.00,
time,168.001,rpm,0,maf,1.46,MAP,-5.79,afr,9.03,vref,0.01,TP,0.20,CLT,35.70,MAT,NaN,ckp_c,213,fuel_base,1.53,fuel_iat,1.00,fuel_clt,1.00,fuel_lag,0.00,fuel,1.53,timing,36.53,duty0,0.00,dwell0,0.00,period0,1549.48,duty1,NaN,dwell1,0.00,period1,0.00,
time,169.003,rpm,0,maf,1.36,MAP,-5.79,afr,9.04,vref,0.02,TP,0.20,CLT,36.23,MAT,NaN,ckp_c,213,fuel_base,1.54,fuel_iat,1.00,fuel_clt,1.00,fuel_lag,0.00,fuel,1.54,timing,36.54,duty0,0.00,dwell0,0.00,period0,1549.48,duty1,NaN,dwell1,0.00,period1,0.00,
time,170.001,rpm,0,maf,1.44,MAP,-5.79,afr,9.02,vref,0.01,TP,0.20,CLT,36.08,MAT,NaN,ckp_c,213,fuel_base,1.53,fuel_iat,1.00,fuel_clt,1.00,fuel_lag,0.00,fuel,1.53,timing,36.53,duty0,0.00,dwell0,0.00,period0,1549.48,duty1,NaN,dwell1,0.00,period1,0.00,
time,171.003,rpm,0,maf,1.43,MAP,-5.79,afr,9.03,vref,0.01,TP,0.20,CLT,35.61,MAT,NaN,ckp_c,213,fuel_base,1.53,fuel_iat,1.00,fuel_clt,1.00,fuel_lag,0.00,fuel,1.53,timing,36.53,duty0,0.00,dwell0,0.00,period0,1549.48,duty1,NaN,dwell1,0.00,period1,0.00,
time,172.003,rpm,0,maf,1.42,MAP,-5.79,afr,9.02,vref,0.01,TP,0.20,CLT,35.61,MAT,NaN,ckp_c,213,fuel_base,1.53,fuel_iat,1.00,fuel_clt,1.00,fuel_lag,0.00,fuel,1.53,timing,36.53,duty0,0.00,dwell0,0.00,period0,1549.48,duty1,NaN,dwell1,0.00,period1,0.00,
time,173.001,rpm,0,maf,1.43,MAP,-5.79,afr,9.03,vref,0.01,TP,0.10,CLT,35.75,MAT,NaN,ckp_c,213,fuel_base,1.53,fuel_iat,1.00,fuel_clt,1.00,fuel_lag,0.00,fuel,1.53,timing,36.53,duty0,0.00,dwell0,0.00,period0,1549.48,duty1,NaN,dwell1,0.00,period1,0.00,
time,174.003,rpm,0,maf,1.44,MAP,-5.79,afr,9.05,vref,0.02,TP,0.10,CLT,35.99,MAT,NaN,ckp_c,213,fuel_base,1.53,fuel_iat,1.00,fuel_clt,1.00,fuel_lag,0.00,fuel,1.53,timing,36.53,duty0,0.00,dwell0,0.00,period0,1549.48,duty1,NaN,dwell1,0.00,period1,0.00,
time,175.000,rpm,0,maf,1.43,MAP,-5.79,afr,9.04,vref,0.02,TP,0.30,CLT,35.47,MAT,NaN,ckp_c,213,fuel_base,1.53,fuel_iat,1.00,fuel_clt,1.00,fuel_lag,0.00,fuel,1.53,timing,36.53,duty0,0.00,dwell0,0.00,period0,1549.48,duty1,NaN,dwell1,0.00,period1,0.00,
time,176.003,rpm,0,maf,1.44,MAP,-5.79,afr,9.03,vref,0.01,TP,0.20,CLT,35.38,MAT,NaN,ckp_c,213,fuel_base,1.53,fuel_iat,1.00,fuel_clt,1.00,fuel_lag,0.00,fuel,1.53,timing,36.53,duty0,0.00,dwell0,0.00,period0,1549.48,duty1,NaN,dwell1,0.00,period1,0.00,
time,177.000,rpm,0,maf,1.43,MAP,-5.79,afr,9.03,vref,0.01,TP,0.30,CLT,35.33,MAT,NaN,ckp_c,213,fuel_base,1.53,fuel_iat,1.00,fuel_clt,1.00,fuel_lag,0.00,fuel,1.53,timing,36.53,duty0,0.00,dwell0,0.00,period0,1549.48,duty1,NaN,dwell1,0.00,period1,0.00,
time,178.001,rpm,0,maf,1.45,MAP,-5.79,afr,9.04,vref,0.02,TP,0.20,CLT,35.38,MAT,NaN,ckp_c,213,fuel_base,1.53,fuel_iat,1.00,fuel_clt,1.00,fuel_lag,0.00,fuel,1.53,timing,36.53,duty0,0.00,dwell0,0.00,period0,1549.48,duty1,NaN,dwell1,0.00,period1,0.00,
time,179.003,rpm,0,maf,1.43,MAP,-5.79,afr,9.03,vref,0.01,TP,0.20,CLT,35.61,MAT,NaN,ckp_c,213,fuel_base,1.53,fuel_iat,1.00,fuel_clt,1.00,fuel_lag,0.00,fuel,1.53,timing,36.53,duty0,0.00,dwell0,0.00,period0,1549.48,duty1,NaN,dwell1,0.00,period1,0.00,
time,180.000,rpm,0,maf,1.43,MAP,-5.79,afr,9.04,vref,0.02,TP,0.20,CLT,35.38,MAT,NaN,ckp_c,213,fuel_base,1.53,fuel_iat,1.00,fuel_clt,1.00,fuel_lag,0.00,fuel,1.53,timing,36.53,duty0,0.00,dwell0,0.00,period0,1549.48,duty1,NaN,dwell1,0.00,period1,0.00,
time,181.003,rpm,0,maf,1.43,MAP,-5.79,afr,9.04,vref,0.02,TP,0.20,CLT,35.14,MAT,NaN,ckp_c,213,fuel_base,1.53,fuel_iat,1.00,fuel_clt,1.00,fuel_lag,0.00,fuel,1.53,timing,36.53,duty0,0.00,dwell0,0.00,period0,1549.48,duty1,NaN,dwell1,0.00,period1,0.00,
time,182.003,rpm,0,maf,1.43,MAP,-5.79,afr,9.04,vref,0.02,TP,0.10,CLT,35.05,MAT,NaN,ckp_c,213,fuel_base,1.53,fuel_iat,1.00,fuel_clt,1.00,fuel_lag,0.00,fuel,1.53,timing,36.53,duty0,0.00,dwell0,0.00,period0,1549.48,duty1,NaN,dwell1,0.00,period1,0.00,
time,183.001,rpm,0,maf,1.36,MAP,-5.79,afr,9.04,vref,0.02,TP,0.20,CLT,35.19,MAT,NaN,ckp_c,213,fuel_base,1.54,fuel_iat,1.00,fuel_clt,1.00,fuel_lag,0.00,fuel,1.54,timing,36.54,duty0,0.00,dwell0,0.00,period0,1549.48,duty1,NaN,dwell1,0.00,period1,0.00,
time,184.003,rpm,0,maf,1.42,MAP,-5.79,afr,9.05,vref,0.02,TP,0.10,CLT,35.47,MAT,NaN,ckp_c,213,fuel_base,1.53,fuel_iat,1.00,fuel_clt,1.00,fuel_lag,0.00,fuel,1.53,timing,36.53,duty0,0.00,dwell0,0.00,period0,1549.48,duty1,NaN,dwell1,0.00,period1,0.00,
